parameter,value,replicate,seed,actual_metro_migration,actual_periph_migration,metro_m_freq,periph_m_freq,overall_m_freq,metro_c_freq,periph_c_freq,ideal_coexistence,acceptable_coexistence,segregation_strength,fst_weighted,shannon_diversity,metro_within_fst,periph_within_fst
decay_length,15,0,42,0.07,0.02,0.829742857,0.276815385,0.47034,0.170257143,0.723184615,TRUE,TRUE,0.552927473,0.314088226,0.621039883,0.018108196,0.11212649
decay_length,15,1,43,0.07,0.02,0.813628571,0.310107692,0.48634,0.186371429,0.689892308,TRUE,TRUE,0.503520879,0.263506503,0.800903989,0.043900873,0.162373447
decay_length,15,2,44,0.07,0.02,0.806342857,0.285692308,0.46792,0.193657143,0.714307692,TRUE,TRUE,0.520650549,0.318543747,0.520462149,0.043551609,0.116893506
decay_length,15,3,45,0.07,0.02,0.832114286,0.273015385,0.4687,0.167885714,0.726984615,TRUE,TRUE,0.559098901,0.287003162,0.764897866,0.029895471,0.145510029
decay_length,15,4,46,0.07,0.02,0.828542857,0.218384615,0.43194,0.171457143,0.781615385,FALSE,TRUE,0.610158242,0.435744546,0.435043713,0.052368101,0.176810997
decay_length,15,5,47,0.07,0.02,0.8328,0.233015385,0.44294,0.1672,0.766984615,FALSE,TRUE,0.599784615,0.405453724,0.459995071,0.038939715,0.14119178
decay_length,15,6,48,0.07,0.02,0.823257143,0.224784615,0.43425,0.176742857,0.775215385,FALSE,TRUE,0.598472527,0.318450169,0.709783073,0.062734096,0.11652861
decay_length,15,7,49,0.07,0.02,0.797628571,0.247892308,0.4403,0.202371429,0.752107692,FALSE,TRUE,0.549736264,0.360860527,0.582160567,0.056079123,0.183350236
decay_length,15,8,50,0.07,0.02,0.804257143,0.295753846,0.47373,0.195742857,0.704246154,TRUE,TRUE,0.508503297,0.305280627,0.642459291,0.031745112,0.169309406
decay_length,15,9,51,0.07,0.02,0.832657143,0.230692308,0.44138,0.167342857,0.769307692,FALSE,TRUE,0.601964835,0.40585912,0.485876751,0.04837777,0.152820559
decay_length,20,0,42,0.07,0.02,0.829457143,0.273369231,0.468,0.170542857,0.726630769,TRUE,TRUE,0.556087912,0.289539636,0.62171224,0.011741295,0.049585619
decay_length,20,1,43,0.07,0.02,0.813885714,0.315046154,0.48964,0.186114286,0.684953846,TRUE,TRUE,0.49883956,0.218228513,0.854105469,0.028192657,0.098932824
decay_length,20,2,44,0.07,0.02,0.799457143,0.283230769,0.46391,0.200542857,0.716769231,TRUE,TRUE,0.516226374,0.289896354,0.532213098,0.033126319,0.072836149
decay_length,20,3,45,0.07,0.02,0.832,0.268107692,0.46547,0.168,0.731892308,TRUE,TRUE,0.563892308,0.273877194,0.729991987,0.029557225,0.078756983
decay_length,20,4,46,0.07,0.02,0.833114286,0.224323077,0.4374,0.166885714,0.775676923,FALSE,TRUE,0.608791209,0.416298861,0.44982424,0.045259671,0.140787955
decay_length,20,5,47,0.07,0.02,0.819342857,0.233323077,0.43843,0.180657143,0.766676923,FALSE,TRUE,0.58601978,0.368513886,0.481391316,0.047213244,0.087359364
decay_length,20,6,48,0.07,0.02,0.819771429,0.239261538,0.44244,0.180228571,0.760738462,FALSE,TRUE,0.58050989,0.28390166,0.745011361,0.026285425,0.085204597
decay_length,20,7,49,0.07,0.02,0.802828571,0.263938462,0.45255,0.197171429,0.736061538,TRUE,TRUE,0.53889011,0.248360186,0.876977501,0.038113653,0.110324997
decay_length,20,8,50,0.07,0.02,0.806257143,0.300923077,0.47779,0.193742857,0.699076923,TRUE,TRUE,0.505334066,0.276369454,0.694000614,0.026185432,0.143416937
decay_length,20,9,51,0.07,0.02,0.836028571,0.25,0.45511,0.163971429,0.75,FALSE,TRUE,0.586028571,0.37976773,0.473791002,0.031896622,0.119106133
decay_length,30,0,42,0.07,0.02,0.823028571,0.271353846,0.46444,0.176971429,0.728646154,TRUE,TRUE,0.551674725,0.282241533,0.58013004,0.007886825,0.02260844
decay_length,30,1,43,0.07,0.02,0.813371429,0.3238,0.49515,0.186628571,0.6762,TRUE,TRUE,0.489571429,0.193614852,0.815573591,0.015920094,0.042978555
decay_length,30,2,44,0.07,0.02,0.810142857,0.302446154,0.48014,0.189857143,0.697553846,TRUE,TRUE,0.507696703,0.259359347,0.553152916,0.016069454,0.038160141
decay_length,30,3,45,0.07,0.02,0.826514286,0.263615385,0.46063,0.173485714,0.736384615,TRUE,TRUE,0.562898901,0.235677853,0.812122714,0.012641604,0.047051619
decay_length,30,4,46,0.07,0.02,0.827542857,0.250092308,0.4522,0.172457143,0.749907692,TRUE,TRUE,0.577450549,0.348038529,0.496208969,0.025908593,0.074325047
decay_length,30,5,47,0.07,0.02,0.828142857,0.265769231,0.4626,0.171857143,0.734230769,TRUE,TRUE,0.562373626,0.312563686,0.520583595,0.027647574,0.034504035
decay_length,30,6,48,0.07,0.02,0.823885714,0.240107692,0.44443,0.176114286,0.759892308,FALSE,TRUE,0.583778022,0.2866812,0.718962989,0.025667105,0.054669951
decay_length,30,7,49,0.07,0.02,0.785971429,0.292846154,0.46544,0.214028571,0.707153846,TRUE,TRUE,0.493125275,0.186714941,0.972494894,0.025524295,0.069755835
decay_length,30,8,50,0.07,0.02,0.760742857,0.3898,0.51963,0.239257143,0.6102,TRUE,TRUE,0.370942857,0.155418086,0.610356972,0.01490578,0.042309924
decay_length,30,9,51,0.07,0.02,0.826914286,0.246338462,0.44954,0.173085714,0.753661538,FALSE,TRUE,0.580575824,0.339137398,0.525187065,0.015076528,0.065069534
decay_length,50,0,42,0.07,0.02,0.822628571,0.279492308,0.46959,0.177371429,0.720507692,TRUE,TRUE,0.543136264,0.213278856,0.913324676,0.007449998,0.033748624
decay_length,50,1,43,0.07,0.02,0.8094,0.320015385,0.4913,0.1906,0.679984615,TRUE,TRUE,0.489384615,0.178758085,0.856307891,0.012052978,0.034283448
decay_length,50,2,44,0.07,0.02,0.815285714,0.297753846,0.47889,0.184714286,0.702246154,TRUE,TRUE,0.517531868,0.266157946,0.549300121,0.011986203,0.035726462
decay_length,50,3,45,0.07,0.02,0.83,0.268446154,0.46499,0.17,0.731553846,TRUE,TRUE,0.561553846,0.266095645,0.704551872,0.009825727,0.052309386
decay_length,50,4,46,0.07,0.02,0.838114286,0.267923077,0.46749,0.161885714,0.732076923,TRUE,TRUE,0.570191209,0.320128696,0.51636245,0.016538974,0.038779824
decay_length,50,5,47,0.07,0.02,0.826657143,0.282753846,0.47312,0.173342857,0.717246154,TRUE,TRUE,0.543903297,0.283630233,0.53914753,0.012783984,0.020936919
decay_length,50,6,48,0.07,0.02,0.780828571,0.333569231,0.49011,0.219171429,0.666430769,TRUE,TRUE,0.447259341,0.126857481,1.14467581,0.015260315,0.053491832
decay_length,50,7,49,0.07,0.02,0.804457143,0.319246154,0.48907,0.195542857,0.680753846,TRUE,TRUE,0.485210989,0.238031457,0.640797989,0.018784751,0.058559076
decay_length,50,8,50,0.07,0.02,0.797857143,0.297538462,0.47265,0.202142857,0.702461538,TRUE,TRUE,0.500318681,0.181057342,0.887857524,0.004698341,0.045100869
decay_length,50,9,51,0.07,0.02,0.835314286,0.258846154,0.46061,0.164685714,0.741153846,TRUE,TRUE,0.576468132,0.320984756,0.516693701,0.009499045,0.029583402
decay_length,100,0,42,0.07,0.02,0.829142857,0.313015385,0.49366,0.170857143,0.686984615,TRUE,TRUE,0.516127473,0.189670055,0.868136641,0.006119639,0.036044693
decay_length,100,1,43,0.07,0.02,0.821885714,0.344538462,0.51161,0.178114286,0.655461538,TRUE,TRUE,0.477347253,0.162114148,0.882191662,0.008153196,0.024870105
decay_length,100,2,44,0.07,0.02,0.8216,0.325246154,0.49897,0.1784,0.674753846,TRUE,TRUE,0.496353846,0.234577041,0.579286959,0.005464978,0.018477113
decay_length,100,3,45,0.07,0.02,0.837542857,0.270676923,0.46908,0.162457143,0.729323077,TRUE,TRUE,0.566865934,0.27680312,0.653914056,0.005254391,0.029066365
decay_length,100,4,46,0.07,0.02,0.8396,0.275584615,0.47299,0.1604,0.724415385,TRUE,TRUE,0.564015385,0.302660933,0.528447712,0.008945852,0.020436847
decay_length,100,5,47,0.07,0.02,0.831457143,0.295984615,0.4834,0.168542857,0.704015385,TRUE,TRUE,0.535472527,0.27198275,0.546335379,0.012394616,0.015368171
decay_length,100,6,48,0.07,0.02,0.830771429,0.275338462,0.46974,0.169228571,0.724661538,TRUE,TRUE,0.555432967,0.245672474,0.744792274,0.011136847,0.023767726
decay_length,100,7,49,0.07,0.02,0.8098,0.337030769,0.5025,0.1902,0.662969231,TRUE,TRUE,0.472769231,0.154839339,0.937939093,0.010933168,0.027425804
decay_length,100,8,50,0.07,0.02,0.818085714,0.326938462,0.49884,0.181914286,0.673061538,TRUE,TRUE,0.491147253,0.223641787,0.615260175,0.00506243,0.015114506
decay_length,100,9,51,0.07,0.02,0.837371429,0.283707692,0.47749,0.162628571,0.716292308,TRUE,TRUE,0.553663736,0.291896055,0.53492262,0.006062577,0.021186036
metro_migration,0.05,0,42,0.05,0.02,0.801142857,0.195738462,0.40763,0.198857143,0.804261538,FALSE,TRUE,0.605404396,0.355413249,0.496279647,0.008998601,0.022846434
metro_migration,0.05,1,43,0.05,0.02,0.788885714,0.228830769,0.42485,0.211114286,0.771169231,FALSE,TRUE,0.560054945,0.228874124,0.834698509,0.01426389,0.057517568
metro_migration,0.05,2,44,0.05,0.02,0.7766,0.209630769,0.40807,0.2234,0.790369231,FALSE,TRUE,0.566969231,0.325853329,0.502156795,0.026585333,0.036810857
metro_migration,0.05,3,45,0.05,0.02,0.806228571,0.181323077,0.40004,0.193771429,0.818676923,FALSE,TRUE,0.624905495,0.273982953,0.783623544,0.014528951,0.04766388
metro_migration,0.05,4,46,0.05,0.02,0.808514286,0.173953846,0.39605,0.191485714,0.826046154,FALSE,TRUE,0.63456044,0.412312113,0.445917495,0.025819423,0.060137967
metro_migration,0.05,5,47,0.05,0.02,0.804742857,0.177153846,0.39681,0.195257143,0.822846154,FALSE,TRUE,0.627589011,0.392725204,0.461947577,0.033970153,0.026662639
metro_migration,0.05,6,48,0.05,0.02,0.795028571,0.179015385,0.39462,0.204971429,0.820984615,FALSE,TRUE,0.616013187,0.300656445,0.711632571,0.023168814,0.038032277
metro_migration,0.05,7,49,0.05,0.02,0.766742857,0.205769231,0.40211,0.233257143,0.794230769,FALSE,TRUE,0.560973626,0.330856929,0.500003361,0.034865808,0.0558967
metro_migration,0.05,8,50,0.05,0.02,0.781028571,0.214723077,0.41293,0.218971429,0.785276923,FALSE,TRUE,0.566305495,0.319356194,0.508551272,0.013286247,0.033386254
metro_migration,0.05,9,51,0.05,0.02,0.797828571,0.174846154,0.39289,0.202171429,0.825153846,FALSE,TRUE,0.622982418,0.389002838,0.464937773,0.019797833,0.039230711
metro_migration,0.06,0,42,0.06,0.02,0.809685714,0.227307692,0.43114,0.190314286,0.772692308,FALSE,TRUE,0.582378022,0.323130544,0.529187695,0.009875577,0.019856146
metro_migration,0.06,1,43,0.06,0.02,0.797657143,0.266646154,0.4525,0.202342857,0.733353846,TRUE,TRUE,0.531010989,0.235099985,0.739078179,0.013315445,0.040693532
metro_migration,0.06,2,44,0.06,0.02,0.7988,0.259446154,0.44822,0.2012,0.740553846,TRUE,TRUE,0.539353846,0.294857254,0.529624522,0.016500823,0.046563858
metro_migration,0.06,3,45,0.06,0.02,0.822857143,0.2228,0.43282,0.177142857,0.7772,FALSE,TRUE,0.600057143,0.32766571,0.60510428,0.013063829,0.065423923
metro_migration,0.06,4,46,0.06,0.02,0.820085714,0.208307692,0.42243,0.179914286,0.791692308,FALSE,TRUE,0.611778022,0.385043489,0.469722931,0.030382711,0.067429163
metro_migration,0.06,5,47,0.06,0.02,0.817485714,0.217476923,0.42748,0.182514286,0.782523077,FALSE,TRUE,0.600008791,0.358669383,0.489138892,0.028180383,0.039840384
metro_migration,0.06,6,48,0.06,0.02,0.764,0.269738462,0.44273,0.236,0.730261538,TRUE,TRUE,0.494261538,0.244866081,0.707237966,0.041873394,0.065614448
metro_migration,0.06,7,49,0.06,0.02,0.781657143,0.251615385,0.43713,0.218342857,0.748384615,TRUE,TRUE,0.530041758,0.225331418,0.862944228,0.02216386,0.083295428
metro_migration,0.06,8,50,0.06,0.02,0.789428571,0.253276923,0.44093,0.210571429,0.746723077,TRUE,TRUE,0.536151648,0.231910265,0.864105094,0.009965678,0.10727953
metro_migration,0.06,9,51,0.06,0.02,0.811457143,0.214630769,0.42352,0.188542857,0.785369231,FALSE,TRUE,0.596826374,0.361641928,0.484264917,0.020453905,0.05625799
metro_migration,0.07,0,42,0.07,0.02,0.823028571,0.271353846,0.46444,0.176971429,0.728646154,TRUE,TRUE,0.551674725,0.282241533,0.58013004,0.007886825,0.02260844
metro_migration,0.07,1,43,0.07,0.02,0.813371429,0.3238,0.49515,0.186628571,0.6762,TRUE,TRUE,0.489571429,0.193614852,0.815573591,0.015920094,0.042978555
metro_migration,0.07,2,44,0.07,0.02,0.810142857,0.302446154,0.48014,0.189857143,0.697553846,TRUE,TRUE,0.507696703,0.259359347,0.553152916,0.016069454,0.038160141
metro_migration,0.07,3,45,0.07,0.02,0.826514286,0.263615385,0.46063,0.173485714,0.736384615,TRUE,TRUE,0.562898901,0.235677853,0.812122714,0.012641604,0.047051619
metro_migration,0.07,4,46,0.07,0.02,0.827542857,0.250092308,0.4522,0.172457143,0.749907692,TRUE,TRUE,0.577450549,0.348038529,0.496208969,0.025908593,0.074325047
metro_migration,0.07,5,47,0.07,0.02,0.828142857,0.265769231,0.4626,0.171857143,0.734230769,TRUE,TRUE,0.562373626,0.312563686,0.520583595,0.027647574,0.034504035
metro_migration,0.07,6,48,0.07,0.02,0.823885714,0.240107692,0.44443,0.176114286,0.759892308,FALSE,TRUE,0.583778022,0.2866812,0.718962989,0.025667105,0.054669951
metro_migration,0.07,7,49,0.07,0.02,0.785971429,0.292846154,0.46544,0.214028571,0.707153846,TRUE,TRUE,0.493125275,0.186714941,0.972494894,0.025524295,0.069755835
metro_migration,0.07,8,50,0.07,0.02,0.760742857,0.3898,0.51963,0.239257143,0.6102,TRUE,TRUE,0.370942857,0.155418086,0.610356972,0.01490578,0.042309924
metro_migration,0.07,9,51,0.07,0.02,0.826914286,0.246338462,0.44954,0.173085714,0.753661538,FALSE,TRUE,0.580575824,0.339137398,0.525187065,0.015076528,0.065069534
metro_migration,0.08,0,42,0.08,0.02,0.830028571,0.307338462,0.49028,0.169971429,0.692661538,TRUE,TRUE,0.52269011,0.254971847,0.618107264,0.009934828,0.030500522
metro_migration,0.08,1,43,0.08,0.02,0.819342857,0.339092308,0.50718,0.180657143,0.660907692,TRUE,TRUE,0.480250549,0.223792383,0.674185363,0.015303182,0.049804238
metro_migration,0.08,2,44,0.08,0.02,0.818057143,0.339738462,0.50715,0.181942857,0.660261538,TRUE,TRUE,0.478318681,0.239535562,0.566317254,0.013917665,0.049135435
metro_migration,0.08,3,45,0.08,0.02,0.831342857,0.297461538,0.48432,0.168657143,0.702538462,TRUE,TRUE,0.533881319,0.204367156,0.868765409,0.011692373,0.047344002
metro_migration,0.08,4,46,0.08,0.02,0.832228571,0.271753846,0.46792,0.167771429,0.728246154,TRUE,TRUE,0.560474725,0.339906803,0.502569977,0.037455685,0.088088538
metro_migration,0.08,5,47,0.08,0.02,0.842142857,0.299461538,0.4894,0.157857143,0.700538462,TRUE,TRUE,0.542681319,0.297043983,0.530730786,0.022383813,0.045370417
metro_migration,0.08,6,48,0.08,0.02,0.784714286,0.352046154,0.50348,0.215285714,0.647953846,TRUE,TRUE,0.432668132,0.145166637,1.049193943,0.022015672,0.068957897
metro_migration,0.08,7,49,0.08,0.02,0.790657143,0.321692308,0.48583,0.209342857,0.678307692,TRUE,TRUE,0.468964835,0.239146313,0.785800955,0.027040347,0.129999651
metro_migration,0.08,8,50,0.08,0.02,0.809314286,0.3516,0.5118,0.190685714,0.6484,TRUE,TRUE,0.457714286,0.209066258,0.710282768,0.013619397,0.057518169
metro_migration,0.08,9,51,0.08,0.02,0.838228571,0.282630769,0.47709,0.161771429,0.717369231,TRUE,TRUE,0.555597802,0.308292969,0.572912245,0.015619574,0.064357559
metro_migration,0.09,0,42,0.09,0.02,0.845514286,0.348092308,0.52219,0.154485714,0.651907692,TRUE,TRUE,0.497421978,0.243918086,0.563541019,0.005878151,0.029403942
metro_migration,0.09,1,43,0.09,0.02,0.829171429,0.396015385,0.54762,0.170828571,0.603984615,TRUE,TRUE,0.433156044,0.204489558,0.608057633,0.014746773,0.052084894
metro_migration,0.09,2,44,0.09,0.02,0.797085714,0.553676923,0.63887,0.202914286,0.446323077,FALSE,TRUE,0.243408791,0.11684658,0.593837787,0.025792131,0.074827434
metro_migration,0.09,3,45,0.09,0.02,0.853285714,0.345507692,0.52323,0.146714286,0.654492308,TRUE,TRUE,0.507778022,0.267065738,0.545832935,0.016316592,0.049318495
metro_migration,0.09,4,46,0.09,0.02,0.845914286,0.313276923,0.4997,0.154085714,0.686723077,TRUE,TRUE,0.532637363,0.330341999,0.507574057,0.035584871,0.117420288
metro_migration,0.09,5,47,0.09,0.02,0.848771429,0.337307692,0.51632,0.151228571,0.662692308,TRUE,TRUE,0.511463736,0.26773811,0.545858872,0.021721346,0.043872575
metro_migration,0.09,6,48,0.09,0.02,0.811942857,0.432415385,0.56525,0.188057143,0.567584615,FALSE,TRUE,0.379527473,0.143012291,1.057400767,0.024827663,0.104665656
metro_migration,0.09,7,49,0.09,0.02,0.829457143,0.366938462,0.52882,0.170542857,0.633061538,TRUE,TRUE,0.462518681,0.258423185,0.596442655,0.030336491,0.10704325
metro_migration,0.09,8,50,0.09,0.02,0.825171429,0.365138462,0.52615,0.174828571,0.634861538,TRUE,TRUE,0.460032967,0.225645773,0.60395489,0.010543973,0.055076639
metro_migration,0.09,9,51,0.09,0.02,0.841542857,0.317538462,0.50094,0.158457143,0.682461538,TRUE,TRUE,0.524004396,0.278277577,0.640194838,0.015372454,0.082171757
metro_migration,0.1,0,42,0.1,0.02,0.8504,0.4198,0.57051,0.1496,0.5802,FALSE,TRUE,0.4306,0.191022924,0.579796991,0.006474372,0.027384706
metro_migration,0.1,1,43,0.1,0.02,0.851514286,0.449338462,0.5901,0.148485714,0.550661538,FALSE,TRUE,0.402175824,0.153620906,0.834322408,0.014563795,0.053315571
metro_migration,0.1,2,44,0.1,0.02,0.8446,0.418769231,0.56781,0.1554,0.581230769,FALSE,TRUE,0.425830769,0.201746978,0.582872372,0.015030277,0.050045629
metro_migration,0.1,3,45,0.1,0.02,0.860514286,0.379523077,0.54787,0.139485714,0.620476923,TRUE,TRUE,0.480991209,0.201610706,0.794823458,0.013771422,0.053097153
metro_migration,0.1,4,46,0.1,0.02,0.853771429,0.343446154,0.52206,0.146228571,0.656553846,TRUE,TRUE,0.510325275,0.311841408,0.51766495,0.029977139,0.117695086
metro_migration,0.1,5,47,0.1,0.02,0.862228571,0.366923077,0.54028,0.137771429,0.633076923,TRUE,TRUE,0.495305495,0.262103838,0.545789569,0.01698024,0.056843312
metro_migration,0.1,6,48,0.1,0.02,0.855342857,0.363707692,0.53578,0.144657143,0.636292308,TRUE,TRUE,0.491635165,0.263955497,0.604532429,0.018212431,0.084592825
metro_migration,0.1,7,49,0.1,0.02,0.830857143,0.405784615,0.55456,0.169142857,0.594215385,FALSE,TRUE,0.425072527,0.200355878,0.815791322,0.017957806,0.098719348
metro_migration,0.1,8,50,0.1,0.02,0.838057143,0.423461538,0.56857,0.161942857,0.576538462,FALSE,TRUE,0.414595604,0.189942582,0.714428838,0.006869801,0.064055864
metro_migration,0.1,9,51,0.1,0.02,0.861685714,0.354907692,0.53228,0.138314286,0.645092308,TRUE,TRUE,0.506778022,0.29544285,0.526682588,0.018282871,0.096513286
metros,25,0,42,0.07,0.02,0.72396,0.176706667,0.31352,0.27604,0.823293333,FALSE,TRUE,0.547253333,0.250109771,0.602785777,0.012646653,0.027395151
metros,25,1,43,0.07,0.02,0.68148,0.187266667,0.31082,0.31852,0.812733333,FALSE,TRUE,0.494213333,0.212202857,0.628116467,0.016182993,0.037317364
metros,25,2,44,0.07,0.02,0.68156,0.19316,0.31526,0.31844,0.80684,FALSE,TRUE,0.4884,0.245299276,0.499090593,0.045333714,0.049347192
metros,25,3,45,0.07,0.02,0.7536,0.15312,0.30324,0.2464,0.84688,FALSE,TRUE,0.60048,0.354799749,0.479909969,0.063167491,0.083682705
metros,25,4,46,0.07,0.02,0.71272,0.1586,0.29713,0.28728,0.8414,FALSE,FALSE,0.55412,0.303232101,0.456705911,0.02285537,0.045826663
metros,25,5,47,0.07,0.02,0.73252,0.173266667,0.31308,0.26748,0.826733333,FALSE,TRUE,0.559253333,0.300535567,0.471843935,0.040625881,0.037233527
metros,25,6,48,0.07,0.02,0.7276,0.162146667,0.30351,0.2724,0.837853333,FALSE,TRUE,0.565453333,0.279288799,0.621912628,0.030260348,0.058841222
metros,25,7,49,0.07,0.02,0.657,0.171573333,0.29293,0.343,0.828426667,FALSE,FALSE,0.485426667,0.24700377,0.501653904,0.02404533,0.059091348
metros,25,8,50,0.07,0.02,0.66084,0.161826667,0.28658,0.33916,0.838173333,FALSE,FALSE,0.499013333,0.20200806,0.742913156,0.012047062,0.07488465
metros,25,9,51,0.07,0.02,0.72768,0.16024,0.3021,0.27232,0.83976,FALSE,TRUE,0.56744,0.317202526,0.470301208,0.035714996,0.05646947
metros,28,0,42,0.07,0.02,0.746785714,0.202486111,0.35489,0.253214286,0.797513889,FALSE,TRUE,0.544299603,0.27220285,0.52539151,0.014278533,0.021499389
metros,28,1,43,0.07,0.02,0.723178571,0.226277778,0.36541,0.276821429,0.773722222,FALSE,TRUE,0.496900794,0.165386419,0.882697451,0.014483381,0.042081126
metros,28,2,44,0.07,0.02,0.721071429,0.213875,0.35589,0.278928571,0.786125,FALSE,TRUE,0.507196429,0.266067722,0.510600517,0.03958966,0.057003317
metros,28,3,45,0.07,0.02,0.768357143,0.18525,0.34852,0.231642857,0.81475,FALSE,TRUE,0.583107143,0.308249432,0.600648541,0.047336417,0.075814082
metros,28,4,46,0.07,0.02,0.771607143,0.187347222,0.35094,0.228392857,0.812652778,FALSE,TRUE,0.584259921,0.337373166,0.471060061,0.024048722,0.062420564
metros,28,5,47,0.07,0.02,0.772821429,0.202458333,0.36216,0.227178571,0.797541667,FALSE,TRUE,0.570363095,0.312869058,0.492539586,0.035938789,0.042343526
metros,28,6,48,0.07,0.02,0.764392857,0.199194444,0.35745,0.235607143,0.800805556,FALSE,TRUE,0.565198413,0.309386789,0.521386693,0.035800036,0.051649386
metros,28,7,49,0.07,0.02,0.707464286,0.204763889,0.34552,0.292535714,0.795236111,FALSE,TRUE,0.502700397,0.213635686,0.789235297,0.028328267,0.063730253
metros,28,8,50,0.07,0.02,0.741285714,0.213736111,0.36145,0.258714286,0.786263889,FALSE,TRUE,0.527549603,0.216912921,0.771103581,0.017915613,0.062669363
metros,28,9,51,0.07,0.02,0.753964286,0.186069444,0.34508,0.246035714,0.813930556,FALSE,TRUE,0.567894841,0.327627085,0.472694036,0.032846168,0.067136222
metros,35,0,42,0.07,0.02,0.823028571,0.271353846,0.46444,0.176971429,0.728646154,TRUE,TRUE,0.551674725,0.282241533,0.58013004,0.007886825,0.02260844
metros,35,1,43,0.07,0.02,0.813371429,0.3238,0.49515,0.186628571,0.6762,TRUE,TRUE,0.489571429,0.193614852,0.815573591,0.015920094,0.042978555
metros,35,2,44,0.07,0.02,0.810142857,0.302446154,0.48014,0.189857143,0.697553846,TRUE,TRUE,0.507696703,0.259359347,0.553152916,0.016069454,0.038160141
metros,35,3,45,0.07,0.02,0.826514286,0.263615385,0.46063,0.173485714,0.736384615,TRUE,TRUE,0.562898901,0.235677853,0.812122714,0.012641604,0.047051619
metros,35,4,46,0.07,0.02,0.827542857,0.250092308,0.4522,0.172457143,0.749907692,TRUE,TRUE,0.577450549,0.348038529,0.496208969,0.025908593,0.074325047
metros,35,5,47,0.07,0.02,0.828142857,0.265769231,0.4626,0.171857143,0.734230769,TRUE,TRUE,0.562373626,0.312563686,0.520583595,0.027647574,0.034504035
metros,35,6,48,0.07,0.02,0.823885714,0.240107692,0.44443,0.176114286,0.759892308,FALSE,TRUE,0.583778022,0.2866812,0.718962989,0.025667105,0.054669951
metros,35,7,49,0.07,0.02,0.785971429,0.292846154,0.46544,0.214028571,0.707153846,TRUE,TRUE,0.493125275,0.186714941,0.972494894,0.025524295,0.069755835
metros,35,8,50,0.07,0.02,0.760742857,0.3898,0.51963,0.239257143,0.6102,TRUE,TRUE,0.370942857,0.155418086,0.610356972,0.01490578,0.042309924
metros,35,9,51,0.07,0.02,0.826914286,0.246338462,0.44954,0.173085714,0.753661538,FALSE,TRUE,0.580575824,0.339137398,0.525187065,0.015076528,0.065069534
metros,42,0,42,0.07,0.02,0.879809524,0.329258621,0.56049,0.120190476,0.670741379,TRUE,TRUE,0.550550903,0.301220867,0.579165953,0.006384515,0.030780315
metros,42,1,43,0.07,0.02,0.860857143,0.37912069,0.58145,0.139142857,0.62087931,TRUE,TRUE,0.481736453,0.259856899,0.538965269,0.009823619,0.045514262
metros,42,2,44,0.07,0.02,0.858785714,0.615155172,0.71748,0.141214286,0.384844828,FALSE,FALSE,0.243630542,0.128945478,0.561093038,0.013997653,0.080758601
metros,42,3,45,0.07,0.02,0.87452381,0.305327586,0.54439,0.12547619,0.694672414,TRUE,TRUE,0.569196223,0.349486525,0.495619287,0.016819449,0.05678145
metros,42,4,46,0.07,0.02,0.832119048,0.474517241,0.62471,0.167880952,0.525482759,FALSE,TRUE,0.357601806,0.206746684,0.551674985,0.035072931,0.105529731
metros,42,5,47,0.07,0.02,0.87097619,0.332689655,0.55877,0.12902381,0.667310345,TRUE,TRUE,0.538286535,0.311451615,0.514350725,0.014920691,0.042708019
metros,42,6,48,0.07,0.02,0.861690476,0.303241379,0.53779,0.138309524,0.696758621,TRUE,TRUE,0.558449097,0.243546983,0.817518555,0.018665321,0.060868432
metros,42,7,49,0.07,0.02,0.845619048,0.376741379,0.57367,0.154380952,0.623258621,TRUE,TRUE,0.468877668,0.231377535,0.768149444,0.016709706,0.08147422
metros,42,8,50,0.07,0.02,0.854595238,0.36137931,0.56853,0.145404762,0.63862069,TRUE,TRUE,0.493215928,0.221513074,0.813503364,0.005975884,0.075783157
metros,42,9,51,0.07,0.02,0.874904762,0.302172414,0.54272,0.125095238,0.697827586,TRUE,TRUE,0.572732348,0.373017351,0.480971128,0.017470088,0.097008669
metros,45,0,42,0.07,0.02,0.886511111,0.346890909,0.58972,0.113488889,0.653109091,TRUE,TRUE,0.539620202,0.313819516,0.510815285,0.00879944,0.030642129
metros,45,1,43,0.07,0.02,0.884111111,0.418890909,0.62824,0.115888889,0.581109091,FALSE,TRUE,0.465220202,0.254003335,0.522073668,0.008454889,0.040090711
metros,45,2,44,0.07,0.02,0.879911111,0.393909091,0.61261,0.120088889,0.606090909,FALSE,TRUE,0.48600202,0.274848121,0.51799753,0.009744113,0.048011308
metros,45,3,45,0.07,0.02,0.890755556,0.329345455,0.58198,0.109244444,0.670654545,TRUE,TRUE,0.561410101,0.324018981,0.583371346,0.008509059,0.055090702
metros,45,4,46,0.07,0.02,0.895977778,0.335054545,0.58747,0.104022222,0.664945455,TRUE,TRUE,0.560923232,0.356921338,0.477235794,0.031820383,0.05951573
metros,45,5,47,0.07,0.02,0.888422222,0.360418182,0.59802,0.111577778,0.639581818,TRUE,TRUE,0.52800404,0.31428032,0.500309093,0.016548491,0.045843323
metros,45,6,48,0.07,0.02,0.890733333,0.349527273,0.59307,0.109266667,0.650472727,TRUE,TRUE,0.541206061,0.296129382,0.628923768,0.014058587,0.05281103
metros,45,7,49,0.07,0.02,0.8668,0.524072727,0.6783,0.1332,0.475927273,FALSE,TRUE,0.342727273,0.204360246,0.664758043,0.016007175,0.142091454
metros,45,8,50,0.07,0.02,0.867022222,0.505290909,0.66807,0.132977778,0.494709091,FALSE,TRUE,0.361731313,0.200111341,0.531564645,0.00961844,0.083579493
metros,45,9,51,0.07,0.02,0.894222222,0.322836364,0.57996,0.105777778,0.677163636,TRUE,TRUE,0.571385859,0.367790878,0.483738853,0.013628763,0.073508088
metros,50,0,42,0.07,0.02,0.91744,0.38366,0.65055,0.08256,0.61634,FALSE,TRUE,0.53378,0.337102644,0.4625655,0.007422998,0.043336072
metros,50,1,43,0.07,0.02,0.90948,0.44728,0.67838,0.09052,0.55272,FALSE,TRUE,0.4622,0.289858139,0.472840797,0.014017537,0.074890205
metros,50,2,44,0.07,0.02,0.90878,0.44804,0.67841,0.09122,0.55196,FALSE,TRUE,0.46074,0.286269875,0.474895497,0.010825373,0.072271844
metros,50,3,45,0.07,0.02,0.91104,0.37564,0.64334,0.08896,0.62436,FALSE,TRUE,0.5354,0.31314888,0.58306634,0.011396002,0.061186758
metros,50,4,46,0.07,0.02,0.90418,0.44002,0.6721,0.09582,0.55998,FALSE,TRUE,0.46416,0.299349431,0.474320992,0.03042329,0.088010017
metros,50,5,47,0.07,0.02,0.91174,0.40046,0.6561,0.08826,0.59954,FALSE,TRUE,0.51128,0.309612085,0.477478356,0.01384559,0.034271508
metros,50,6,48,0.07,0.02,0.91548,0.67796,0.79672,0.08452,0.32204,FALSE,FALSE,0.23752,0.079054777,0.829429065,0.008115837,0.053587995
metros,50,7,49,0.07,0.02,0.89858,0.42932,0.66395,0.10142,0.57068,FALSE,TRUE,0.46926,0.272306762,0.683725614,0.014424004,0.113014219
metros,50,8,50,0.07,0.02,0.91388,0.47256,0.69322,0.08612,0.52744,FALSE,TRUE,0.44132,0.25820661,0.534775648,0.00668524,0.063098512
metros,50,9,51,0.07,0.02,0.91582,0.3648,0.64031,0.08418,0.6352,FALSE,TRUE,0.55102,0.374387094,0.448081306,0.013446848,0.085032276
mobility_ratio,2,0,42,0.07,0.035,0.697542857,0.228923077,0.39294,0.302457143,0.771076923,FALSE,TRUE,0.46861978,0.220061711,0.588355492,0.010147596,0.024988445
mobility_ratio,2,1,43,0.07,0.035,0.655857143,0.229830769,0.37894,0.344142857,0.770169231,FALSE,TRUE,0.426026374,0.1909257,0.612973473,0.031191443,0.027748458
mobility_ratio,2,2,44,0.07,0.035,0.656371429,0.231353846,0.38011,0.343628571,0.768646154,FALSE,TRUE,0.425017582,0.202549142,0.559546564,0.033325589,0.034660739
mobility_ratio,2,3,45,0.07,0.035,0.699914286,0.215646154,0.38514,0.300085714,0.784353846,FALSE,TRUE,0.484268132,0.242498686,0.552054327,0.025988912,0.024065082
mobility_ratio,2,4,46,0.07,0.035,0.6918,0.200107692,0.3722,0.3082,0.799892308,FALSE,TRUE,0.491692308,0.28250568,0.509719672,0.049414571,0.070395254
mobility_ratio,2,5,47,0.07,0.035,0.694257143,0.211276923,0.38032,0.305742857,0.788723077,FALSE,TRUE,0.48298022,0.252522452,0.533039866,0.039738447,0.032243726
mobility_ratio,2,6,48,0.07,0.035,0.678628571,0.185169231,0.35788,0.321371429,0.814830769,FALSE,TRUE,0.493459341,0.230529522,0.716346224,0.039607237,0.041230239
mobility_ratio,2,7,49,0.07,0.035,0.619942857,0.213415385,0.3557,0.380057143,0.786584615,FALSE,TRUE,0.406527473,0.14064831,1.008346559,0.039563291,0.062206978
mobility_ratio,2,8,50,0.07,0.035,0.643571429,0.220430769,0.36853,0.356428571,0.779569231,FALSE,TRUE,0.423140659,0.126518963,0.979573577,0.014041537,0.046675784
mobility_ratio,2,9,51,0.07,0.035,0.6916,0.1972,0.37024,0.3084,0.8028,FALSE,TRUE,0.4944,0.266342906,0.540615386,0.031611807,0.050425272
mobility_ratio,3,0,42,0.07,0.023333333,0.793342857,0.269646154,0.45294,0.206657143,0.730353846,TRUE,TRUE,0.523696703,0.217680201,0.800420493,0.00744483,0.032770978
mobility_ratio,3,1,43,0.07,0.023333333,0.7758,0.291030769,0.4607,0.2242,0.708969231,TRUE,TRUE,0.484769231,0.20744213,0.743168088,0.0126206,0.043700761
mobility_ratio,3,2,44,0.07,0.023333333,0.759228571,0.280492308,0.44805,0.240771429,0.719507692,TRUE,TRUE,0.478736264,0.237251854,0.561919166,0.024224712,0.037981232
mobility_ratio,3,3,45,0.07,0.023333333,0.797542857,0.243369231,0.43733,0.202457143,0.756630769,FALSE,TRUE,0.554173626,0.292431839,0.57920695,0.015473561,0.036672089
mobility_ratio,3,4,46,0.07,0.023333333,0.800657143,0.235369231,0.43322,0.199342857,0.764630769,FALSE,TRUE,0.565287912,0.345129442,0.49421849,0.038721577,0.084634317
mobility_ratio,3,5,47,0.07,0.023333333,0.803142857,0.260707692,0.45056,0.196857143,0.739292308,TRUE,TRUE,0.542435165,0.301409786,0.52523293,0.038103986,0.044448223
mobility_ratio,3,6,48,0.07,0.023333333,0.799714286,0.231738462,0.43053,0.200285714,0.768261538,FALSE,TRUE,0.567975824,0.318809012,0.566784757,0.029204672,0.054319076
mobility_ratio,3,7,49,0.07,0.023333333,0.712542857,0.292661538,0.43962,0.287457143,0.707338462,TRUE,TRUE,0.419881319,0.14989773,1.075482086,0.022635148,0.097796274
mobility_ratio,3,8,50,0.07,0.023333333,0.771314286,0.275923077,0.44931,0.228685714,0.724076923,TRUE,TRUE,0.495391209,0.246521379,0.557167665,0.008713157,0.035634932
mobility_ratio,3,9,51,0.07,0.023333333,0.807485714,0.243969231,0.4412,0.192514286,0.756030769,FALSE,TRUE,0.563516484,0.325274085,0.523990331,0.019226376,0.063914672
mobility_ratio,4.5,0,42,0.07,0.015555556,0.867142857,0.287169231,0.49016,0.132857143,0.712830769,TRUE,TRUE,0.579973626,0.308602589,0.574531294,0.007041187,0.027431691
mobility_ratio,4.5,1,43,0.07,0.015555556,0.860514286,0.3468,0.5266,0.139485714,0.6532,TRUE,TRUE,0.513714286,0.245032241,0.681563146,0.01123666,0.055060593
mobility_ratio,4.5,2,44,0.07,0.015555556,0.856685714,0.322476923,0.50945,0.143314286,0.677523077,TRUE,TRUE,0.534208791,0.28887906,0.534308406,0.013122589,0.04722257
mobility_ratio,4.5,3,45,0.07,0.015555556,0.878114286,0.273661538,0.48522,0.121885714,0.726338462,TRUE,TRUE,0.604452747,0.359992285,0.493210697,0.01106224,0.049418513
mobility_ratio,4.5,4,46,0.07,0.015555556,0.872485714,0.263338462,0.47654,0.127514286,0.736661538,TRUE,TRUE,0.609147253,0.386734961,0.485564637,0.022170256,0.093575786
mobility_ratio,4.5,5,47,0.07,0.015555556,0.875542857,0.2766,0.48623,0.124457143,0.7234,TRUE,TRUE,0.598942857,0.357284571,0.493690829,0.023814344,0.051772194
mobility_ratio,4.5,6,48,0.07,0.015555556,0.875971429,0.266923077,0.48009,0.124028571,0.733076923,TRUE,TRUE,0.609048352,0.309835113,0.693308013,0.020341675,0.05756758
mobility_ratio,4.5,7,49,0.07,0.015555556,0.8446,0.305738462,0.49434,0.1554,0.694261538,TRUE,TRUE,0.538861538,0.301454965,0.572435178,0.016369508,0.076932543
mobility_ratio,4.5,8,50,0.07,0.015555556,0.857314286,0.326246154,0.51212,0.142685714,0.673753846,TRUE,TRUE,0.531068132,0.286148729,0.5370055,0.008680176,0.048980524
mobility_ratio,4.5,9,51,0.07,0.015555556,0.867257143,0.267230769,0.47724,0.132742857,0.732769231,TRUE,TRUE,0.600026374,0.368273979,0.48678135,0.01236368,0.074420218
mobility_ratio,6,0,42,0.07,0.011666667,0.904257143,0.313215385,0.52008,0.095742857,0.686784615,FALSE,TRUE,0.591041758,0.33315252,0.511981002,0.006510978,0.027675252
mobility_ratio,6,1,43,0.07,0.011666667,0.895885714,0.348784615,0.54027,0.104114286,0.651215385,TRUE,TRUE,0.547101099,0.292592633,0.55425734,0.009682875,0.042237189
mobility_ratio,6,2,44,0.07,0.011666667,0.896885714,0.347230769,0.53961,0.103114286,0.652769231,TRUE,TRUE,0.549654945,0.311116258,0.514986283,0.012718973,0.055296372
mobility_ratio,6,3,45,0.07,0.011666667,0.909742857,0.298969231,0.51274,0.090257143,0.701030769,FALSE,TRUE,0.610773626,0.348162789,0.554745221,0.007087294,0.054962386
mobility_ratio,6,4,46,0.07,0.011666667,0.905028571,0.273476923,0.49452,0.094971429,0.726523077,FALSE,TRUE,0.631551648,0.40784639,0.458617038,0.018808194,0.08241371
mobility_ratio,6,5,47,0.07,0.011666667,0.890457143,0.354123077,0.54184,0.109542857,0.645876923,TRUE,TRUE,0.536334066,0.299004912,0.522185548,0.017025328,0.05519152
mobility_ratio,6,6,48,0.07,0.011666667,0.9096,0.283707692,0.50277,0.0904,0.716292308,FALSE,TRUE,0.625892308,0.36435704,0.580052648,0.013183872,0.071142819
mobility_ratio,6,7,49,0.07,0.011666667,0.896571429,0.331246154,0.52911,0.103428571,0.668753846,TRUE,TRUE,0.565325275,0.314224779,0.705216452,0.015735051,0.129463465
mobility_ratio,6,8,50,0.07,0.011666667,0.899314286,0.346953846,0.54028,0.100685714,0.653046154,TRUE,TRUE,0.55236044,0.317102072,0.525519954,0.005659191,0.066774856
mobility_ratio,6,9,51,0.07,0.011666667,0.9048,0.270215385,0.49232,0.0952,0.729784615,FALSE,TRUE,0.634584615,0.409431307,0.459305815,0.011345254,0.08096412
mobility_ratio,8,0,42,0.07,0.00875,0.934342857,0.331584615,0.54255,0.065657143,0.668415385,FALSE,TRUE,0.602758242,0.354848406,0.484489262,0.008627318,0.036301182
mobility_ratio,8,1,43,0.07,0.00875,0.9292,0.374292308,0.56851,0.0708,0.625707692,FALSE,TRUE,0.554907692,0.322350128,0.501427243,0.007990467,0.058874093
mobility_ratio,8,2,44,0.07,0.00875,0.922142857,0.3638,0.55922,0.077857143,0.6362,FALSE,TRUE,0.558342857,0.320921108,0.509432773,0.012107602,0.053809151
mobility_ratio,8,3,45,0.07,0.00875,0.928057143,0.3006,0.52021,0.071942857,0.6994,FALSE,TRUE,0.627457143,0.326829073,0.726947573,0.009300939,0.135299835
mobility_ratio,8,4,46,0.07,0.00875,0.928342857,0.283076923,0.50892,0.071657143,0.716923077,FALSE,TRUE,0.645265934,0.413370296,0.501934098,0.015617586,0.09529381
mobility_ratio,8,5,47,0.07,0.00875,0.933285714,0.306538462,0.5259,0.066714286,0.693461538,FALSE,TRUE,0.626747253,0.386929304,0.467624594,0.012440743,0.049481017
mobility_ratio,8,6,48,0.07,0.00875,0.918685714,0.406876923,0.58601,0.081314286,0.593123077,FALSE,TRUE,0.511808791,0.268266825,0.71306531,0.011794322,0.107307542
mobility_ratio,8,7,49,0.07,0.00875,0.920542857,0.356538462,0.55394,0.079457143,0.643461538,FALSE,TRUE,0.564004396,0.331461343,0.657738685,0.01362574,0.152012431
mobility_ratio,8,8,50,0.07,0.00875,0.913542857,0.4842,0.63447,0.086457143,0.5158,FALSE,TRUE,0.429342857,0.238263836,0.524834506,0.004221085,0.081340694
mobility_ratio,8,9,51,0.07,0.00875,0.927628571,0.286061538,0.51061,0.072371429,0.713938462,FALSE,TRUE,0.641567033,0.411596991,0.500476434,0.012008812,0.115301372
peripheral_migration,0.01,0,42,0.07,0.01,0.910057143,0.352630769,0.54773,0.089942857,0.647369231,FALSE,TRUE,0.557426374,0.302920788,0.517475279,0.006532217,0.028057104
peripheral_migration,0.01,1,43,0.07,0.01,0.903771429,0.401046154,0.577,0.096228571,0.598953846,FALSE,TRUE,0.502725275,0.246000782,0.752849199,0.014978401,0.1114922
peripheral_migration,0.01,2,44,0.07,0.01,0.902828571,0.348415385,0.54246,0.097171429,0.651584615,FALSE,TRUE,0.554413187,0.313838022,0.532194375,0.012681592,0.060265363
peripheral_migration,0.01,3,45,0.07,0.01,0.915028571,0.2944,0.51162,0.084971429,0.7056,FALSE,TRUE,0.620628571,0.309333357,0.748314829,0.009317986,0.118558381
peripheral_migration,0.01,4,46,0.07,0.01,0.914685714,0.283769231,0.50459,0.085314286,0.716230769,FALSE,TRUE,0.630916484,0.411533804,0.456954569,0.013789722,0.090525357
peripheral_migration,0.01,5,47,0.07,0.01,0.913371429,0.297076923,0.51278,0.086628571,0.702923077,FALSE,TRUE,0.616294505,0.374468932,0.479301016,0.013653124,0.049870658
peripheral_migration,0.01,6,48,0.07,0.01,0.915,0.274969231,0.49898,0.085,0.725030769,FALSE,TRUE,0.640030769,0.368208271,0.594133547,0.024549103,0.061579054
peripheral_migration,0.01,7,49,0.07,0.01,0.902542857,0.331723077,0.53151,0.097457143,0.668276923,FALSE,TRUE,0.57081978,0.343002566,0.547431563,0.019160939,0.099184118
peripheral_migration,0.01,8,50,0.07,0.01,0.9048,0.3434,0.53989,0.0952,0.6566,FALSE,TRUE,0.5614,0.288971339,0.702886814,0.010725916,0.097527942
peripheral_migration,0.01,9,51,0.07,0.01,0.9142,0.282923077,0.50387,0.0858,0.717076923,FALSE,TRUE,0.631276923,0.394475434,0.503211188,0.011545569,0.080408378
peripheral_migration,0.015,0,42,0.07,0.015,0.867142857,0.287169231,0.49016,0.132857143,0.712830769,TRUE,TRUE,0.579973626,0.308602589,0.574531294,0.007041187,0.027431691
peripheral_migration,0.015,1,43,0.07,0.015,0.860514286,0.3468,0.5266,0.139485714,0.6532,TRUE,TRUE,0.513714286,0.245032241,0.681563146,0.01123666,0.055060593
peripheral_migration,0.015,2,44,0.07,0.015,0.856685714,0.322476923,0.50945,0.143314286,0.677523077,TRUE,TRUE,0.534208791,0.28887906,0.534308406,0.013122589,0.04722257
peripheral_migration,0.015,3,45,0.07,0.015,0.878114286,0.273661538,0.48522,0.121885714,0.726338462,TRUE,TRUE,0.604452747,0.359992285,0.493210697,0.01106224,0.049418513
peripheral_migration,0.015,4,46,0.07,0.015,0.872485714,0.263338462,0.47654,0.127514286,0.736661538,TRUE,TRUE,0.609147253,0.386734961,0.485564637,0.022170256,0.093575786
peripheral_migration,0.015,5,47,0.07,0.015,0.875542857,0.2766,0.48623,0.124457143,0.7234,TRUE,TRUE,0.598942857,0.357284571,0.493690829,0.023814344,0.051772194
peripheral_migration,0.015,6,48,0.07,0.015,0.875971429,0.266923077,0.48009,0.124028571,0.733076923,TRUE,TRUE,0.609048352,0.309835113,0.693308013,0.020341675,0.05756758
peripheral_migration,0.015,7,49,0.07,0.015,0.8446,0.305738462,0.49434,0.1554,0.694261538,TRUE,TRUE,0.538861538,0.301454965,0.572435178,0.016369508,0.076932543
peripheral_migration,0.015,8,50,0.07,0.015,0.857314286,0.326246154,0.51212,0.142685714,0.673753846,TRUE,TRUE,0.531068132,0.286148729,0.5370055,0.008680176,0.048980524
peripheral_migration,0.015,9,51,0.07,0.015,0.867257143,0.267230769,0.47724,0.132742857,0.732769231,TRUE,TRUE,0.600026374,0.368273979,0.48678135,0.01236368,0.074420218
peripheral_migration,0.02,0,42,0.07,0.02,0.823028571,0.271353846,0.46444,0.176971429,0.728646154,TRUE,TRUE,0.551674725,0.282241533,0.58013004,0.007886825,0.02260844
peripheral_migration,0.02,1,43,0.07,0.02,0.813371429,0.3238,0.49515,0.186628571,0.6762,TRUE,TRUE,0.489571429,0.193614852,0.815573591,0.015920094,0.042978555
peripheral_migration,0.02,2,44,0.07,0.02,0.810142857,0.302446154,0.48014,0.189857143,0.697553846,TRUE,TRUE,0.507696703,0.259359347,0.553152916,0.016069454,0.038160141
peripheral_migration,0.02,3,45,0.07,0.02,0.826514286,0.263615385,0.46063,0.173485714,0.736384615,TRUE,TRUE,0.562898901,0.235677853,0.812122714,0.012641604,0.047051619
peripheral_migration,0.02,4,46,0.07,0.02,0.827542857,0.250092308,0.4522,0.172457143,0.749907692,TRUE,TRUE,0.577450549,0.348038529,0.496208969,0.025908593,0.074325047
peripheral_migration,0.02,5,47,0.07,0.02,0.828142857,0.265769231,0.4626,0.171857143,0.734230769,TRUE,TRUE,0.562373626,0.312563686,0.520583595,0.027647574,0.034504035
peripheral_migration,0.02,6,48,0.07,0.02,0.823885714,0.240107692,0.44443,0.176114286,0.759892308,FALSE,TRUE,0.583778022,0.2866812,0.718962989,0.025667105,0.054669951
peripheral_migration,0.02,7,49,0.07,0.02,0.785971429,0.292846154,0.46544,0.214028571,0.707153846,TRUE,TRUE,0.493125275,0.186714941,0.972494894,0.025524295,0.069755835
peripheral_migration,0.02,8,50,0.07,0.02,0.760742857,0.3898,0.51963,0.239257143,0.6102,TRUE,TRUE,0.370942857,0.155418086,0.610356972,0.01490578,0.042309924
peripheral_migration,0.02,9,51,0.07,0.02,0.826914286,0.246338462,0.44954,0.173085714,0.753661538,FALSE,TRUE,0.580575824,0.339137398,0.525187065,0.015076528,0.065069534
peripheral_migration,0.03,0,42,0.07,0.03,0.725942857,0.2428,0.4119,0.274057143,0.7572,FALSE,TRUE,0.483142857,0.226446827,0.609992303,0.010347478,0.027405104
peripheral_migration,0.03,1,43,0.07,0.03,0.7186,0.272569231,0.42868,0.2814,0.727430769,TRUE,TRUE,0.446030769,0.135519754,0.959294207,0.013671918,0.03362871
peripheral_migration,0.03,2,44,0.07,0.03,0.697485714,0.242,0.40142,0.302514286,0.758,FALSE,TRUE,0.455485714,0.22088131,0.565984159,0.028413724,0.032023975
peripheral_migration,0.03,3,45,0.07,0.03,0.749085714,0.233430769,0.41391,0.250914286,0.766569231,FALSE,TRUE,0.515654945,0.251848054,0.646827948,0.020942358,0.044184631
peripheral_migration,0.03,4,46,0.07,0.03,0.740171429,0.204738462,0.39214,0.259828571,0.795261538,FALSE,TRUE,0.535432967,0.317714483,0.497713135,0.043567938,0.071604665
peripheral_migration,0.03,5,47,0.07,0.03,0.740685714,0.232461538,0.41034,0.259314286,0.767538462,FALSE,TRUE,0.508224176,0.274396044,0.531978578,0.04092005,0.04208613
peripheral_migration,0.03,6,48,0.07,0.03,0.646085714,0.241261538,0.38295,0.353914286,0.758738462,FALSE,TRUE,0.404824176,0.166109744,0.881602723,0.050489368,0.055556046
peripheral_migration,0.03,7,49,0.07,0.03,0.678342857,0.234076923,0.38957,0.321657143,0.765923077,FALSE,TRUE,0.444265934,0.212709067,0.710192633,0.040544117,0.070439708
peripheral_migration,0.03,8,50,0.07,0.03,0.705,0.246738462,0.40713,0.295,0.753261538,FALSE,TRUE,0.458261538,0.199204688,0.711305605,0.011064386,0.030832037
peripheral_migration,0.03,9,51,0.07,0.03,0.7424,0.214876923,0.39951,0.2576,0.785123077,FALSE,TRUE,0.527523077,0.295196365,0.530360888,0.028796286,0.057849499
peripheral_migration,0.04,0,42,0.07,0.04,0.648914286,0.205138462,0.36046,0.351085714,0.794861538,FALSE,TRUE,0.443775824,0.20606032,0.573442632,0.017047578,0.022170461
peripheral_migration,0.04,1,43,0.07,0.04,0.614371429,0.218338462,0.35695,0.385628571,0.781661538,FALSE,TRUE,0.396032967,0.132009201,0.874081768,0.02852654,0.037206428
peripheral_migration,0.04,2,44,0.07,0.04,0.6026,0.203369231,0.3431,0.3974,0.796630769,FALSE,TRUE,0.399230769,0.193179861,0.55281265,0.044183248,0.035969481
peripheral_migration,0.04,3,45,0.07,0.04,0.646314286,0.187169231,0.34787,0.353685714,0.812830769,FALSE,TRUE,0.459145055,0.228342299,0.593643969,0.038841959,0.042613518
peripheral_migration,0.04,4,46,0.07,0.04,0.661171429,0.180415385,0.34868,0.338828571,0.819584615,FALSE,TRUE,0.480756044,0.276768704,0.50066967,0.053583468,0.063177484
peripheral_migration,0.04,5,47,0.07,0.04,0.6478,0.185723077,0.34745,0.3522,0.814276923,FALSE,TRUE,0.462076923,0.247936047,0.518403767,0.050141516,0.036983604
peripheral_migration,0.04,6,48,0.07,0.04,0.639285714,0.179415385,0.34037,0.360714286,0.820584615,FALSE,TRUE,0.45987033,0.240413666,0.602064357,0.0531108,0.044852741
peripheral_migration,0.04,7,49,0.07,0.04,0.582771429,0.180692308,0.32142,0.417228571,0.819307692,FALSE,TRUE,0.402079121,0.204130687,0.571992379,0.049267468,0.053858773
peripheral_migration,0.04,8,50,0.07,0.04,0.606114286,0.209015385,0.348,0.393885714,0.790984615,FALSE,TRUE,0.397098901,0.154988989,0.715272084,0.012471318,0.029905262
peripheral_migration,0.04,9,51,0.07,0.04,0.658,0.185969231,0.35118,0.342,0.814030769,FALSE,TRUE,0.472030769,0.253946324,0.521268902,0.038918052,0.04422424
selection,0.05,0,42,0.07,0.02,0.744885714,0.557123077,0.62284,0.255114286,0.442876923,FALSE,FALSE,0.187762637,0.056969828,0.688948781,0.010740514,0.029124592
selection,0.05,1,43,0.07,0.02,0.601542857,0.420230769,0.48369,0.398457143,0.579769231,FALSE,FALSE,0.181312088,0.056150523,0.663795705,0.027656867,0.026670685
selection,0.05,2,44,0.07,0.02,0.177314286,0.103230769,0.12916,0.822685714,0.896769231,FALSE,FALSE,0.074083516,0.034695374,0.400283643,0.02317429,0.027409293
selection,0.05,3,45,0.07,0.02,0.754342857,0.429892308,0.54345,0.245657143,0.570107692,FALSE,TRUE,0.324450549,0.110364124,0.949365798,0.024751062,0.047752101
selection,0.05,4,46,0.07,0.02,0.6892,0.342830769,0.46406,0.3108,0.657169231,FALSE,TRUE,0.346369231,0.138546048,0.930337464,0.041812085,0.077496054
selection,0.05,5,47,0.07,0.02,0.037228571,0.020630769,0.02644,0.962771429,0.979369231,FALSE,FALSE,0.016597802,0.061497786,0.470311353,0.013578777,0.064743945
selection,0.05,6,48,0.07,0.02,0.634714286,0.374230769,0.4654,0.365285714,0.625769231,FALSE,TRUE,0.260483516,0.089470842,1.132348781,0.032376484,0.070030662
selection,0.05,7,49,0.07,0.02,0.653571429,0.418292308,0.50064,0.346428571,0.581707692,FALSE,TRUE,0.235279121,0.116298795,0.774394599,0.03384592,0.096804236
selection,0.05,8,50,0.07,0.02,0.684285714,0.453523077,0.53429,0.315714286,0.546476923,FALSE,TRUE,0.230762637,0.068257572,0.854897035,0.010073992,0.039960129
selection,0.05,9,51,0.07,0.02,0.711057143,0.401784615,0.51003,0.288942857,0.598215385,FALSE,TRUE,0.309272527,0.143089652,0.909353008,0.027156915,0.107324567
selection,0.075,0,42,0.07,0.02,0.7904,0.357876923,0.50926,0.2096,0.642123077,TRUE,TRUE,0.432523077,0.15654207,0.876852877,0.010899806,0.049092452
selection,0.075,1,43,0.07,0.02,0.786657143,0.368138462,0.51462,0.213342857,0.631861538,TRUE,TRUE,0.418518681,0.16225,0.816674492,0.014469951,0.043736251
selection,0.075,2,44,0.07,0.02,0.766285714,0.359830769,0.50209,0.233714286,0.640169231,TRUE,TRUE,0.406454945,0.184331969,0.711332105,0.024465796,0.06371951
selection,0.075,3,45,0.07,0.02,0.791114286,0.316830769,0.48283,0.208885714,0.683169231,TRUE,TRUE,0.474283516,0.24205953,0.562785161,0.018240063,0.05838
selection,0.075,4,46,0.07,0.02,0.801085714,0.298430769,0.47436,0.198914286,0.701569231,TRUE,TRUE,0.502654945,0.295597926,0.537896903,0.043510885,0.10320108
selection,0.075,5,47,0.07,0.02,0.794514286,0.304184615,0.4758,0.205485714,0.695815385,TRUE,TRUE,0.49032967,0.252198871,0.556322872,0.02837637,0.047858989
selection,0.075,6,48,0.07,0.02,0.796514286,0.314569231,0.48325,0.203485714,0.685430769,TRUE,TRUE,0.481945055,0.261771327,0.567057087,0.044277198,0.074628101
selection,0.075,7,49,0.07,0.02,0.744685714,0.368076923,0.49989,0.255314286,0.631923077,TRUE,TRUE,0.376608791,0.105327685,1.200039381,0.022002427,0.071497299
selection,0.075,8,50,0.07,0.02,0.750914286,0.371415385,0.50424,0.249085714,0.628584615,TRUE,TRUE,0.379498901,0.141432072,0.87804302,0.015255704,0.058048851
selection,0.075,9,51,0.07,0.02,0.790514286,0.287369231,0.46347,0.209485714,0.712630769,TRUE,TRUE,0.503145055,0.273736457,0.541645803,0.025144491,0.067752501
selection,0.1,0,42,0.07,0.02,0.823028571,0.271353846,0.46444,0.176971429,0.728646154,TRUE,TRUE,0.551674725,0.282241533,0.58013004,0.007886825,0.02260844
selection,0.1,1,43,0.07,0.02,0.813371429,0.3238,0.49515,0.186628571,0.6762,TRUE,TRUE,0.489571429,0.193614852,0.815573591,0.015920094,0.042978555
selection,0.1,2,44,0.07,0.02,0.810142857,0.302446154,0.48014,0.189857143,0.697553846,TRUE,TRUE,0.507696703,0.259359347,0.553152916,0.016069454,0.038160141
selection,0.1,3,45,0.07,0.02,0.826514286,0.263615385,0.46063,0.173485714,0.736384615,TRUE,TRUE,0.562898901,0.235677853,0.812122714,0.012641604,0.047051619
selection,0.1,4,46,0.07,0.02,0.827542857,0.250092308,0.4522,0.172457143,0.749907692,TRUE,TRUE,0.577450549,0.348038529,0.496208969,0.025908593,0.074325047
selection,0.1,5,47,0.07,0.02,0.828142857,0.265769231,0.4626,0.171857143,0.734230769,TRUE,TRUE,0.562373626,0.312563686,0.520583595,0.027647574,0.034504035
selection,0.1,6,48,0.07,0.02,0.823885714,0.240107692,0.44443,0.176114286,0.759892308,FALSE,TRUE,0.583778022,0.2866812,0.718962989,0.025667105,0.054669951
selection,0.1,7,49,0.07,0.02,0.785971429,0.292846154,0.46544,0.214028571,0.707153846,TRUE,TRUE,0.493125275,0.186714941,0.972494894,0.025524295,0.069755835
selection,0.1,8,50,0.07,0.02,0.760742857,0.3898,0.51963,0.239257143,0.6102,TRUE,TRUE,0.370942857,0.155418086,0.610356972,0.01490578,0.042309924
selection,0.1,9,51,0.07,0.02,0.826914286,0.246338462,0.44954,0.173085714,0.753661538,FALSE,TRUE,0.580575824,0.339137398,0.525187065,0.015076528,0.065069534
selection,0.15,0,42,0.07,0.02,0.861685714,0.204538462,0.43454,0.138314286,0.795461538,FALSE,TRUE,0.657147253,0.408744737,0.46283451,0.007209904,0.017869157
selection,0.15,1,43,0.07,0.02,0.844428571,0.226646154,0.44287,0.155571429,0.773353846,FALSE,TRUE,0.617782418,0.255278666,0.837817688,0.012964076,0.058310384
selection,0.15,2,44,0.07,0.02,0.837514286,0.223538462,0.43843,0.162485714,0.776461538,FALSE,TRUE,0.613975824,0.361906089,0.489769398,0.010850169,0.025066167
selection,0.15,3,45,0.07,0.02,0.870142857,0.1946,0.43104,0.129857143,0.8054,FALSE,TRUE,0.675542857,0.401306554,0.549890578,0.011810309,0.03708723
selection,0.15,4,46,0.07,0.02,0.8682,0.186415385,0.42504,0.1318,0.813584615,FALSE,TRUE,0.681784615,0.458487522,0.426190362,0.025808097,0.0533884
selection,0.15,5,47,0.07,0.02,0.863314286,0.189676923,0.42545,0.136685714,0.810323077,FALSE,TRUE,0.673637363,0.435877704,0.443653661,0.021049281,0.024433098
selection,0.15,6,48,0.07,0.02,0.860628571,0.183107692,0.42024,0.139371429,0.816892308,FALSE,TRUE,0.677520879,0.426373606,0.510270741,0.01706305,0.042599979
selection,0.15,7,49,0.07,0.02,0.8266,0.214738462,0.42889,0.1734,0.785261538,FALSE,TRUE,0.611861538,0.279236332,0.82357227,0.023810068,0.111995883
selection,0.15,8,50,0.07,0.02,0.841314286,0.226338462,0.44158,0.158685714,0.773661538,FALSE,TRUE,0.614975824,0.31169798,0.667604154,0.008334686,0.041689582
selection,0.15,9,51,0.07,0.02,0.864514286,0.174661538,0.41611,0.135485714,0.825338462,FALSE,TRUE,0.689852747,0.465118662,0.421948384,0.015787857,0.043677652
selection,0.2,0,42,0.07,0.02,0.890714286,0.163076923,0.41775,0.109285714,0.836923077,FALSE,TRUE,0.727637363,0.500177765,0.405081612,0.006996556,0.01094605
selection,0.2,1,43,0.07,0.02,0.8754,0.189123077,0.42932,0.1246,0.810876923,FALSE,TRUE,0.686276923,0.34635385,0.693308971,0.011479358,0.038699769
selection,0.2,2,44,0.07,0.02,0.874514286,0.184323077,0.42589,0.125485714,0.815676923,FALSE,TRUE,0.690191209,0.456638357,0.430869699,0.013649717,0.028186307
selection,0.2,3,45,0.07,0.02,0.890714286,0.149076923,0.40865,0.109285714,0.850923077,FALSE,TRUE,0.741637363,0.480000453,0.497017917,0.008479137,0.054201451
selection,0.2,4,46,0.07,0.02,0.893028571,0.144476923,0.40647,0.106971429,0.855523077,FALSE,TRUE,0.748551648,0.544190611,0.371052886,0.017395839,0.040209794
selection,0.2,5,47,0.07,0.02,0.885,0.155476923,0.41081,0.115,0.844523077,FALSE,TRUE,0.729523077,0.509652422,0.396148865,0.015902867,0.020106296
selection,0.2,6,48,0.07,0.02,0.887857143,0.149292308,0.40779,0.112142857,0.850707692,FALSE,TRUE,0.738564835,0.525968374,0.388874409,0.017498151,0.03231244
selection,0.2,7,49,0.07,0.02,0.861828571,0.174261538,0.41491,0.138171429,0.825738462,FALSE,TRUE,0.687567033,0.4504513,0.459011189,0.017993003,0.03711366
selection,0.2,8,50,0.07,0.02,0.870514286,0.176615385,0.41948,0.129485714,0.823384615,FALSE,TRUE,0.693898901,0.386652269,0.619175916,0.006856656,0.070692972
selection,0.2,9,51,0.07,0.02,0.891142857,0.147876923,0.40802,0.108857143,0.852123077,FALSE,TRUE,0.743265934,0.534292584,0.377796615,0.012198287,0.036110024