{
  "scenario": "covid",
  "timestamp": "2025-12-12T15:46:41.958234",
  "parameters": {
    "hospitals": 100,
    "metros": 35,
    "population": 1000,
    "genotypes": 8,
    "generations": 1500,
    "seed": 42,
    "metro_migration": 0.07,
    "peripheral_migration": 0.02,
    "selection_strength": 0.1,
    "spatial_scale": 300.0,
    "intervention_start": 600,
    "recovery_start": 1000,
    "baseline_decay": 50.0,
    "intervention_decay": 30.0,
    "recovery_decay": 40.0,
    "metro_closure": 0.7,
    "periph_closure": 0.5
  },
  "genotype_values": {
    "TAU_VALUES": [
      0.5,
      0.10227525095137951,
      0.19039506830258235,
      0.19041677639819288,
      0.3870861069626262,
      0.588792635777333,
      0.7087945476302646,
      0.9056428757689245
    ],
    "BETA_VALUES": [
      0.5,
      0.8977247490486204,
      0.8096049316974177,
      0.8095832236018071,
      0.6129138930373739,
      0.411207364222667,
      0.2912054523697354,
      0.09435712423107545
    ]
  }
}